<code_scheme name="Default" version="173">
  <option name="RIGHT_MARGIN" value="80" />
  <Objective-C>
    <option name="INDENT_INSIDE_CODE_BLOCK" value="2" />
    <option name="NAMESPACE_BRACE_PLACEMENT" value="2" />
    <option name="FUNCTION_BRACE_PLACEMENT" value="2" />
    <option name="BLOCK_BRACE_PLACEMENT" value="2" />
    <option name="FUNCTION_NON_TOP_AFTER_RETURN_TYPE_WRAP" value="0" />
    <option name="FUNCTION_TOP_AFTER_RETURN_TYPE_WRAP" value="0" />
    <option name="FUNCTION_PARAMETERS_ALIGN_MULTILINE" value="false" />
    <option name="FUNCTION_CALL_ARGUMENTS_ALIGN_MULTILINE" value="false" />
    <option name="TEMPLATE_CALL_ARGUMENTS_WRAP" value="5" />
    <option name="TEMPLATE_CALL_ARGUMENTS_ALIGN_MULTILINE" value="true" />
    <option name="CLASS_CONSTRUCTOR_INIT_LIST_NEW_LINE_BEFORE_COLON" value="1" />
    <option name="ALIGN_INIT_LIST_IN_COLUMNS" value="false" />
    <option name="SPACE_AFTER_INIT_LIST_COLON" value="false" />
    <option name="SPACE_BEFORE_PROTOCOLS_BRACKETS" value="false" />
    <option name="SPACE_BEFORE_COLON_IN_FOREACH" value="true" />
    <option name="SPACE_BEFORE_POINTER_IN_DECLARATION" value="false" />
    <option name="SPACE_AFTER_POINTER_IN_DECLARATION" value="true" />
    <option name="SPACE_BEFORE_REFERENCE_IN_DECLARATION" value="false" />
    <option name="SPACE_AFTER_REFERENCE_IN_DECLARATION" value="true" />
    <option name="KEEP_BLANK_LINES_BEFORE_END" value="1" />
  </Objective-C>
  <Objective-C-extensions>
    <rules>
      <rule entity="MACRO" visibility="ANY" specifier="ANY" prefix="" style="SCREAMING_SNAKE_CASE" suffix="" />
      <rule entity="NAMESPACE" visibility="ANY" specifier="ANY" prefix="" style="PASCAL_CASE" suffix="" />
      <rule entity="CLASS,ENUM,UNION,TYPEDEF" visibility="ANY" specifier="ANY" prefix="" style="PASCAL_CASE" suffix="" />
      <rule entity="CLASS_MEMBER_FUNCTION,STRUCT_MEMBER_FUNCTION" visibility="ANY" specifier="ANY" prefix="" style="PASCAL_CASE" suffix="" />
      <rule entity="CLASS_MEMBER_FIELD,STRUCT_MEMBER_FIELD" visibility="ANY" specifier="ANY" prefix="" style="PASCAL_CASE" suffix="" />
      <rule entity="GLOBAL_FUNCTION" visibility="ANY" specifier="ANY" prefix="" style="PASCAL_CASE" suffix="" />
      <rule entity="PARAMETER" visibility="ANY" specifier="ANY" prefix="" style="CAMEL_CASE" suffix="" />
      <rule entity="LOCAL_VARIABLE" visibility="ANY" specifier="ANY" prefix="" style="CAMEL_CASE" suffix="" />
    </rules>
  </Objective-C-extensions>
  <Objective-C-extensions>
    <rules>
      <rule entity="MACRO" visibility="ANY" specifier="ANY" prefix="" style="SCREAMING_SNAKE_CASE" suffix="" />
      <rule entity="NAMESPACE" visibility="ANY" specifier="ANY" prefix="" style="PASCAL_CASE" suffix="" />
      <rule entity="CLASS,ENUM,UNION,TYPEDEF" visibility="ANY" specifier="ANY" prefix="" style="PASCAL_CASE" suffix="" />
      <rule entity="CLASS_MEMBER_FUNCTION,STRUCT_MEMBER_FUNCTION" visibility="ANY" specifier="ANY" prefix="" style="PASCAL_CASE" suffix="" />
      <rule entity="CLASS_MEMBER_FIELD,STRUCT_MEMBER_FIELD" visibility="ANY" specifier="ANY" prefix="" style="PASCAL_CASE" suffix="" />
      <rule entity="GLOBAL_FUNCTION" visibility="ANY" specifier="ANY" prefix="" style="PASCAL_CASE" suffix="" />
      <rule entity="PARAMETER" visibility="ANY" specifier="ANY" prefix="" style="CAMEL_CASE" suffix="" />
      <rule entity="LOCAL_VARIABLE" visibility="ANY" specifier="ANY" prefix="" style="CAMEL_CASE" suffix="" />
    </rules>
  </Objective-C-extensions>
  <clangFormatSettings>
    <option name="ENABLED" value="true" />
  </clangFormatSettings>
  <files>
    <extensions>
      <pair source="cc" header="h" fileNamingConvention="NONE" />
      <pair source="c" header="h" fileNamingConvention="NONE" />
      <pair source="cu" header="cuh" fileNamingConvention="NONE" />
      <pair source="ixx" header="" fileNamingConvention="NONE" />
      <pair source="mxx" header="" fileNamingConvention="NONE" />
      <pair source="cppm" header="" fileNamingConvention="NONE" />
      <pair source="ccm" header="" fileNamingConvention="NONE" />
      <pair source="cxxm" header="" fileNamingConvention="NONE" />
      <pair source="c++m" header="" fileNamingConvention="NONE" />
    </extensions>
  </files>
  <codeStyleSettings language="ObjectiveC">
    <option name="RIGHT_MARGIN" value="120" />
    <option name="KEEP_BLANK_LINES_IN_DECLARATIONS" value="1" />
    <option name="KEEP_BLANK_LINES_IN_CODE" value="1" />
    <option name="KEEP_BLANK_LINES_BEFORE_RBRACE" value="1" />
    <option name="BLANK_LINES_BEFORE_IMPORTS" value="0" />
    <option name="BLANK_LINES_AFTER_IMPORTS" value="0" />
    <option name="BLANK_LINES_AROUND_CLASS" value="0" />
    <option name="BLANK_LINES_AROUND_METHOD" value="0" />
    <option name="BLANK_LINES_AROUND_METHOD_IN_INTERFACE" value="0" />
    <option name="BRACE_STYLE" value="2" />
    <option name="CLASS_BRACE_STYLE" value="2" />
    <option name="ELSE_ON_NEW_LINE" value="true" />
    <option name="CATCH_ON_NEW_LINE" value="true" />
    <option name="INDENT_CASE_FROM_SWITCH" value="false" />
    <option name="ALIGN_MULTILINE_BINARY_OPERATION" value="false" />
    <option name="SPACE_WITHIN_ARRAY_INITIALIZER_BRACES" value="true" />
    <option name="SPACE_AFTER_TYPE_CAST" value="false" />
    <option name="METHOD_CALL_CHAIN_WRAP" value="1" />
    <option name="BINARY_OPERATION_SIGN_ON_NEXT_LINE" value="true" />
    <option name="KEEP_SIMPLE_METHODS_IN_ONE_LINE" value="false" />
    <option name="FOR_STATEMENT_WRAP" value="5" />
    <indentOptions>
      <option name="USE_TAB_CHARACTER" value="true" />
      <option name="LABEL_INDENT_SIZE" value="-4" />
    </indentOptions>
  </codeStyleSettings>
</code_scheme>