<application>
  <component name="NodeJsLocalInterpreterManager">
    <local-interpreter path="/opt/homebrew/bin/node">
      <version-cache version="17.7.2" last-modified="1647877186055" />
    </local-interpreter>
    <local-interpreter path="$USER_HOME$/.nvm/versions/node/v19.3.0/bin/node" excluded="true" />
    <local-interpreter path="$USER_HOME$/.nvm/versions/node/v18.12.1/bin/node" excluded="true" />
    <local-interpreter path="$USER_HOME$/.nvm/versions/node/v16.19.0/bin/node" excluded="true" />
  </component>
</application>